Location,5/1/2020,5/2/2020,Location (New Added),5/5/2020,Location (New Added),5/6/2020,Location (New Added),5/7/2020,Location (New Added),5/8/2020,Location (New Added),5/9/2020,Location (New Added),5/10/2020,Location (New Added),5/11/2020,Location (New Added),5/12/2020,Location (New Added),5/14/2020,Location (New Added),5/15/2020,Location (New Added),5/16/2020,Location (New Added),5/17/2020,Location (New Added),5/18/2020,Location (New Added),5/19/2020
Abdullahpur,1,2,Abdullahpur,2,Abdullahpur,2,Abdullahpur,2,Abdullahpur,2,Abdullahpur,2,Abdullahpur,2,Abdullahpur,2,Abdullahpur,2,Abdullahpur,3,Abdullahpur,3,Abdullahpur,3,Abdullahpur,3,,,,
Adabor,9,12,Aftabnagar,1,Aftabnagar,1,Aftabnagar,1,Aftabnagar,1,Aftabnagar,1,Aftabnagar,1,Aftabnagar,1,Aftabnagar,1,Aftabnagar,1,Aftabnagar,1,Aftabnagar,1,Aftabnagar,1,,,,
Agargaon,12,20,Adabor,14,Adabor,15,Adabor,18,Adabor,20,Adabor,21,Adabor,23,Adabor,23,Adabor,24,Adabor,25,Adabor,25,Adabor,26,Adabor,27,,,,
Aminbazar,2,2,Agargaon,32,Agargaon,47,Agargaon,47,Agargaon,47,Agargaon,47,Agargaon,48,Agargaon,48,Agargaon,48,Agargaon,55,Agargaon,57,Agargaon,58,Agargaon,78,,,,
Amlapara,2,2,Aminbazar,2,Aminbazar,2,Aminbazar,2,Aminbazar,2,Aminbazar,2,Aminbazar,2,Aminbazar,2,Aminbazar,2,Aminbazar,2,Aminbazar,2,Aminbazar,2,Aminbazar,2,,,,
Arambagh,2,2,Amlapara,2,Amlapara,2,Amlapara,2,Amlapara,2,Amlapara,2,Amlapara,2,Amlapara,2,Amlapara,2,Amlapara,2,Amlapara,2,Amlapara,2,Amlapara,2,,,,
Armanitola,3,3,Arambagh,6,Arambagh,7,Arambagh,7,Arambagh,7,Arambagh,7,Arambagh,7,Arambagh,7,Arambagh,7,Arambagh,8,Arambagh,8,Arambagh,8,Arambagh,8,,,,
Ashkona,1,1,Armanitola,3,Armanitola,3,Armanitola,3,Armanitola,3,Armanitola,3,Armanitola,3,Armanitola,3,Armanitola,3,Armanitola,3,Armanitola,3,Armanitola,3,Armanitola,4,,,,
Azimpur,21,21,Asad Gate,1,Asad Gate,1,Asad Gate,1,Asad Gate,1,Asad Gate,1,Asad Gate,1,Asad Gate,1,Asad Gate,1,Asad Gate,1,Asad Gate,1,Asad Gate,1,Asad Gate,1,,,,
Babu Bazar,29,35,Ashulia,1,Ashulia,2,Ashulia,2,Ashulia,2,Ashulia,2,Ashulia,2,Ashulia,2,Ashulia,2,Ashulia,2,Ashulia,2,Ashulia,2,Ashulia,2,,,,
Badda,41,41,Ashkona,1,Ashkona,1,Ashkona,1,Ashkona,1,Ashkona,1,Ashkona,1,Ashkona,1,Ashkona,1,Ashkona,1,Ashkona,1,Ashkona,1,Ashkona,1,,,,
Baily Road,4,4,Azimpur,23,Azimpur,24,Azimpur,25,Azimpur,25,Azimpur,25,Azimpur,27,Azimpur,27,Azimpur,27,Azimpur,27,Azimpur,32,Azimpur,34,Azimpur,38,,,,
Bakshibazar,2,2,Babu Bazar,66,Babu Bazar,69,Babu Bazar,73,Babu Bazar,78,Babu Bazar,79,Babu Bazar,82,Babu Bazar,88,Babu Bazar,88,Babu Bazar,115,Babu Bazar,115,Babu Bazar,115,Babu Bazar,117,,,,
Baridhara,7,7,Badda,46,Badda,49,Badda,54,Badda,55,Badda,57,Badda,59,Badda,68,Badda,71,Badda,85,Badda,90,Badda,93,Badda,97,,,,
Banasree,2,2,Baily Road,5,Baily Road,6,Baily Road,13,Baily Road,13,Baily Road,13,Baily Road,13,Baily Road,13,Baily Road,13,Baily Road,13,Baily Road,13,Baily Road,13,Baily Road,15,,,,
Banani,12,13,Bakshibazar,2,Bakshibazar,5,Bakshibazar,5,Bakshibazar,5,Bakshibazar,5,Bakshibazar,5,Bakshibazar,6,Bakshibazar,7,Bakshibazar,7,Bakshibazar,7,Bakshibazar,8,Bakshibazar,8,,,,
Banglamotor,3,3,Baridhara,8,Baridhara,8,Baridhara,8,Baridhara,8,Baridhara,8,Baridhara,8,Baridhara,11,Baridhara,11,Baridhara,13,Baridhara,14,Baridhara,14,Baridhara,14,,,,
Bangshal,56,58,Banasree,5,Banasree,5,Banasree,6,Banasree,6,Banasree,6,Banasree,6,Banasree,8,Banasree,13,Banasree,18,Banasree,20,Banasree,20,Banasree,20,,,,
Banianagar,1,1,Banani,17,Banani,21,Banani,22,Banani,25,Banani,27,Banani,32,Banani,39,Banani,44,Banani,44,Banani,48,Banani,51,Banani,58,,,,
Basabo,34,34,Banglamotor,4,Banglamotor,4,Banglamotor,5,Banglamotor,6,Banglamotor,6,Banglamotor,6,Banglamotor,6,Banglamotor,6,Banglamotor,6,Banglamotor,6,Banglamotor,6,Banglamotor,6,,,,
Bijoynagar,1,1,Bangshal,63,Bangshal,68,Bangshal,68,Bangshal,71,Bangshal,74,Bangshal,75,Bangshal,78,Bangshal,82,Bangshal,82,Bangshal,82,Bangshal,84,Bangshal,84,,,,
Bashundhora,13,13,Banianagar,1,Banianagar,1,Banianagar,1,Banianagar,1,Banianagar,1,Banianagar,1,Banianagar,1,Banianagar,1,Banianagar,1,Banianagar,1,Banianagar,1,Banianagar,1,,,,
Begunbari,2,2,Basabo,43,Basabo,46,Basabo,46,Basabo,47,Basabo,49,Basabo,54,Basabo,55,Basabo,57,Basabo,57,Basabo,58,Basabo,61,Basabo,65,,,,
Begum Bazar,1,1,Bijoynagar,1,Bijoynagar,1,Bijoynagar,1,Bijoynagar,1,Bijoynagar,1,Bijoynagar,1,Bijoynagar,1,Bijoynagar,1,Bijoynagar,1,Bijoynagar,1,Bijoynagar,1,Bijoynagar,1,,,,
Beribadh,1,1,Bashundhora,15,Bashundhora,15,Bashundhora,15,Bashundhora,19,Bashundhora,19,Bashundhora,20,Bashundhora,20,Bashundhora,20,Bashundhora,21,Bashundhora,21,Bashundhora,23,Bashundhora,28,,,,
Bokshi Bazar,5,5,Begunbari,3,Begunbari,4,Begunbari,4,Begunbari,4,Begunbari,4,Begunbari,4,Begunbari,4,Begunbari,4,Begunbari,4,Begunbari,4,Begunbari,4,Begunbari,4,,,,
Bosila,1,1,Begum Bazar,1,Begum Bazar,1,Begum Bazar,1,Begum Bazar,1,Begum Bazar,1,Begum Bazar,1,Begum Bazar,1,Begum Bazar,1,Begum Bazar,1,Begum Bazar,1,Begum Bazar,1,Begum Bazar,1,,,,
Buet Area,1,1,Beribadh,1,Beribadh,1,Beribadh,1,Beribadh,1,Beribadh,1,Beribadh,1,Beribadh,1,Beribadh,1,Beribadh,1,Beribadh,1,Beribadh,1,Beribadh,1,,,,
Cantonment,8,8,Bokshi Bazar,5,Bokshi Bazar,5,Bokshi Bazar,5,Bokshi Bazar,5,Bokshi Bazar,5,Bokshi Bazar,5,Bokshi Bazar,5,Bokshi Bazar,5,Bokshi Bazar,5,Bokshi Bazar,5,Bokshi Bazar,5,Bokshi Bazar,5,,,,
Central Road,2,2,Bosila,1,Bosila,1,Bosila,1,Bosila,1,Bosila,1,Bosila,1,Bosila,1,Bosila,1,Bosila,1,Bosila,1,Bosila,1,Bosila,1,,,,
Chankharpool,31,31,Buet Area,1,Buet Area,1,Buet Area,1,Buet Area,1,Buet Area,1,Buet Area,1,Buet Area,1,Buet Area,1,Buet Area,1,Buet Area,1,Buet Area,1,Buet Area,1,,,,
Chawk Bazar,32,32,Cantonment,9,Cantonment,9,Cantonment,9,Cantonment,10,Cantonment,10,Cantonment,10,Cantonment,10,Cantonment,11,Cantonment,11,Cantonment,14,Cantonment,14,Cantonment,14,,,,
Dania,4,5,Central Road,2,Central Road,2,Central Road,2,Central Road,2,Central Road,2,Central Road,2,Central Road,2,Central Road,2,Central Road,2,Central Road,2,Central Road,2,Central Road,2,,,,
Dakshinkhan,1,1,Chankharpool,36,Chankharpool,37,Chankharpool,37,Chankharpool,37,Chankharpool,37,Chankharpool,37,Chankharpool,37,Chankharpool,37,Chankharpool,37,Chankharpool,37,Chankharpool,37,Chankharpool,37,,,,
Dhakkeshori,1,1,Chawk Bazar,43,Chawk Bazar,45,Chawk Bazar,48,Chawk Bazar,49,Chawk Bazar,52,Chawk Bazar,54,Chawk Bazar,58,Chawk Bazar,59,Chawk Bazar,69,Chawk Bazar,70,Chawk Bazar,70,Chawk Bazar,70,,,,
Demra,10,10,Dania,7,Dania,9,Dania,9,Dania,9,Dania,9,Dania,9,Dania,9,Dania,9,Dania,11,Dania,11,Dania,11,Dania,12,,,,
Dhanmondi,38,38,Dakshinkhan,1,Dakshinkhan,1,Dakshinkhan,1,Dakshinkhan,1,Dakshinkhan,1,Dakshinkhan,1,Dakshinkhan,1,Dakshinkhan,1,Dakshinkhan,1,Dakshinkhan,1,Dakshinkhan,1,Dakshinkhan,1,,,,
Dhalpur,4,4,Dhakkeshori,1,Dhakkeshori,1,Dhakkeshori,1,Dhakkeshori,1,Dhakkeshori,1,Dhakkeshori,1,Dhakkeshori,1,Dhakkeshori,1,Dhakkeshori,1,Dhakkeshori,1,Dhakkeshori,1,Dhakkeshori,1,,,,
Dholaipar,2,2,Demra,16,Demra,18,Demra,18,Demra,18,Demra,18,Demra,18,Demra,18,Demra,19,Demra,19,Demra,20,Demra,23,Demra,25,,,,
Dholaikhal,2,2,Dhanmondi,46,Dhanmondi,51,Dhanmondi,53,Dhanmondi,57,Dhanmondi,57,Dhanmondi,63,Dhanmondi,69,Dhanmondi,76,Dhanmondi,83,Dhanmondi,94,Dhanmondi,97,Dhanmondi,106,,,,
Doyaganj,3,3,Dhalpur,9,Dhalpur,9,Dhalpur,9,Dhalpur,9,Dhalpur,9,Dhalpur,9,Dhalpur,17,Dhalpur,17,Dhalpur,18,Dhalpur,18,Dhalpur,18,Dhalpur,18,,,,
Elephant Road,11,11,Dholaipar,5,Dholaipar,5,Dholaipar,5,Dholaipar,6,Dholaipar,6,Dholaipar,6,Dholaipar,6,Dholaipar,6,Dholaipar,6,Dholaipar,6,Dholaipar,6,Dholaipar,6,,,,
Eskaton,13,13,Dholaikhal,2,Dholaikhal,2,Dholaikhal,2,Dholaikhal,2,Dholaikhal,2,Dholaikhal,2,Dholaikhal,2,Dholaikhal,2,Dholaikhal,2,Dholaikhal,2,Dholaikhal,2,Dholaikhal,2,,,,
Faridabagh,1,1,Doyaganj,3,Doyaganj,3,Doyaganj,3,Elephant Road,12,Doyaganj,3,Doyaganj,3,Doyaganj,3,Doyaganj,3,Doyaganj,3,Doyaganj,3,Doyaganj,3,Doyaganj,3,,,,
Fakirapool,2,2,Elephant Road,11,Elephant Road,11,Elephant Road,11,Eskaton,24,Elephant Road,12,Elephant Road,12,Elephant Road,12,Elephant Road,12,Elephant Road,14,Elephant Road,15,Elephant Road,16,Elephant Road,20,,,,
Forashganj,2,2,Eskaton,17,Eskaton,21,Eskaton,23,Faridabagh,1,Eskaton,24,Eskaton,31,Eskaton,33,Eskaton,36,Eskaton,36,Eskaton,39,Eskaton,39,Eskaton,43,,,,
Farmgate,18,18,Faridabagh,1,Faridabagh,1,Faridabagh,1,Fakirapool,3,Faridabagh,1,Faridabagh,1,Faridabagh,1,Faridabagh,1,Faridabagh,1,Faridabagh,1,Faridabagh,1,Faridabagh,1,,,,
Gendaria,45,48,Fakirapool,3,Fakirapool,3,Fakirapool,3,Forashganj,2,Fakirapool,3,Fakirapool,3,Fakirapool,3,Fakirapool,3,Fakirapool,3,Fakirapool,3,Fakirapool,3,Fakirapool,3,,,,
Golartek,1,1,Forashganj,2,Forashganj,2,Forashganj,2,Farmgate,32,Forashganj,2,Fulbaria,7,Fulbaria,11,Fulbaria,13,Fulbaria,14,Fulbaria,14,Fulbaria,14,Fulbaria,16,,,,
Goran,3,4,Farmgate,32,Farmgate,32,Farmgate,32,Gendaria,58,Farmgate,32,Forashganj,2,Forashganj,2,Forashganj,2,Forashganj,2,Forashganj,2,Forashganj,2,Forashganj,2,,,,
Golapbagh,3,5,Gendaria,56,Gendaria,57,Gendaria,57,Golartek,1,Gendaria,62,Farmgate,33,Farmgate,33,Farmgate,34,Farmgate,34,Farmgate,38,Farmgate,38,Farmgate,38,,,,
Gonoktuli,3,3,Golartek,1,Golartek,1,Golartek,1,Goran,13,Golartek,1,Gendaria,64,Gendaria,64,Gendaria,70,Gendaria,73,Gendaria,73,Gendaria,75,Gendaria,77,,,,
Gopibag,19,19,Goran,8,Goran,13,Goran,13,Golapbagh,7,Goran,13,Golartek,1,Golartek,1,Golartek,1,Golartek,1,Golartek,1,Golartek,1,Gabtoli,2,,,,
Green Road,12,12,Golapbagh,6,Golapbagh,7,Golapbagh,7,Gonoktuli,4,Golapbagh,7,Goran,13,Goran,13,Goran,14,Goran,14,Goran,14,Goran,14,Golartek,1,,,,
Gulistan,7,7,Gonoktuli,3,Gonoktuli,3,Gonoktuli,3,Gopibag,29,Gonoktuli,4,Golapbagh,7,Golapbagh,7,Golapbagh,7,Golapbagh,7,Golapbagh,10,Golapbagh,10,Goran,14,,,,
Gulshan,27,32,Gopibag,29,Gopibag,29,Gopibag,29,Green Road,22,Gopibag,29,Gonoktuli,4,Gonoktuli,4,Gonoktuli,4,Gonoktuli,4,Gonoktuli,4,Gonoktuli,4,Golapbagh,10,,,,
Hatir jhil,5,6,Green Road,13,Green Road,18,Green Road,19,Gulistan,10,Green Road,26,Gopibag,29,Gopibag,29,Gopibag,29,Gopibag,29,Gopibag,29,Gopibag,29,Gonoktuli,4,,,,
Hatirpool,4,4,Gulistan,8,Gulistan,8,Gulistan,8,Gulshan,54,Gulistan,10,Green Road,26,Green Road,27,Green Road,30,Green Road,34,Green Road,37,Green Road,39,Gopibag,31,,,,
Hazaribagh,38,38,Gulshan,41,Gulshan,42,Gulshan,54,Hatir jhil,6,Gulshan,54,Gulistan,10,Gulistan,10,Gulistan,10,Gulistan,11,Gulistan,11,Gulistan,11,Green Road,40,,,,
Ibrahimpur,2,2,Hatir jhil,6,Hatir jhil,6,Hatir jhil,6,Hatirpool,9,Hatir jhil,6,Gulshan,57,Gulshan,57,Gulshan,58,Gulshan,60,Gulshan,63,Gulshan,63,Gulistan,11,,,,
Islambagh,2,2,Hatirpool,6,Hatirpool,7,Hatirpool,9,Hazaribagh,40,Hatirpool,9,Hatir jhil,6,Hatir jhil,6,Hatir jhil,6,Hatir jhil,6,Hatir jhil,6,Hatir jhil,6,Gulshan,68,,,,
Islampur,2,2,Hazaribagh,39,Hazaribagh,39,Hazaribagh,39,Ibrahimpur,6,Hazaribagh,41,Hatirpool,10,Hatirpool,11,Hatirpool,16,Hatirpool,16,Hajipara,3,Hajipara,3,Hatir jhil,6,,,,
Jailgate,2,2,Ibrahimpur,3,Ibrahimpur,6,Ibrahimpur,6,Islambagh,3,Ibrahimpur,6,Hazaribagh,46,Hazaribagh,47,Hazaribagh,50,Hazaribagh,54,Hatirpool,16,Hatirpool,17,Hajipara,3,,,,
Jatrabari,99,101,Islambagh,2,Islambagh,3,Islambagh,3,Islampur,6,Islambagh,3,Ibrahimpur,6,Ibrahimpur,6,Ibrahimpur,6,Ibrahimpur,6,Hazaribagh,57,Hazaribagh,57,Hatirpool,17,,,,
Jigatala,7,7,Islampur,2,Islampur,6,Islampur,6,Jailgate,2,Islampur,6,Islambagh,3,Islambagh,3,Islambagh,3,Islambagh,3,Ibrahimpur,6,Ibrahimpur,8,Hazaribagh,65,,,,
Jurain,32,32,Jailgate,2,Jailgate,2,Jailgate,2,Jatrabari,169,Jailgate,2,Islampur,6,Islampur,6,Islampur,6,Islampur,6,Islambagh,3,Islambagh,3,Ibrahimpur,9,,,,
Kallyanpur,6,6,Jatrabari,143,Jatrabari,159,Jatrabari,163,Jigatala,9,Jatrabari,182,Jailgate,2,Jailgate,2,Jailgate,2,Jailgate,2,Islampur,6,Islampur,7,Indira Road,5,,,,
Kalabagan,7,7,Jigatala,8,Jigatala,9,Jigatala,9,Jurain,38,Jigatala,11,Jatrabari,186,Jatrabari,196,Jatrabari,206,Jatrabari,214,Jailgate,2,Jailgate,2,Islambagh,3,,,,
Kakrail,137,150,Jurain,36,Jurain,38,Jurain,38,Kafrul,2,Jurain,39,Jigatala,11,Jigatala,11,Jigatala,11,Jigatala,11,Jatrabari,221,Jatrabari,227,Islampur,7,,,,
Kathalbagan,1,1,Kafrul,2,Kafrul,2,Kafrul,2,Kallyanpur,10,Kafrul,3,Jurain,39,Jurain,39,Jurain,43,Jurain,43,Jigatala,11,Jigatala,12,Jailgate,2,,,,
Kamalapur,3,4,Kallyanpur,10,Kallyanpur,10,Kallyanpur,10,Kalabagan,13,Kallyanpur,10,Kafrul,5,Kafrul,5,Kafrul,5,Kafrul,7,Jurain,43,Jurain,45,Jatrabari,242,,,,
kajla,3,3,Kalabagan,12,Kalabagan,12,Kalabagan,13,Kakrail,173,Kalabagan,14,Kallyanpur,11,Kallyanpur,11,Kallyanpur,11,Kallyanpur,26,Kafrul,8,Kafrul,8,Jinjira,1,,,,
Kamrangir Char,24,24,Kakrail,162,Kakrail,164,Kakrail,167,Kathalbagan,6,Kakrail,173,Kalabagan,15,Kalabagan,18,Kalabagan,21,Kalabagan,22,Kallyanpur,26,Kallyanpur,27,Jigatala,12,,,,
Kazi para,10,10,Kathalbagan,4,Kathalbagan,6,Kathalbagan,6,Kamalapur,6,Kathalbagan,7,Kakrail,176,Kakrail,176,Kakrail,176,Kakrail,176,Kalabagan,23,Kalabagan,24,Jurain,46,,,,
Kawran Bazar,10,10,Kamalapur,5,Kamalapur,6,Kamalapur,6,kajla,3,Kamalapur,6,Kathalbagan,7,Kathalbagan,8,Kathalbagan,8,Kathalbagan,8,Kakrail,176,Kakrail,254,Kafrul,9,,,,
Koratitola,1,1,kajla,3,kajla,3,kajla,3,Kamrangir Char,40,kajla,3,Kamalapur,13,Kamalapur,13,Kamalapur,14,Kamalapur,14,Kathalbagan,9,Kathalbagan,10,Kallyanpur,29,,,,
Kosaituli,1,1,Kamrangir Char,35,Kamrangir Char,37,Kamrangir Char,38,Kazi para,10,Kamrangir Char,41,kajla,3,kajla,3,kajla,3,kajla,3,Kamalapur,15,Kamalapur,15,Kalabagan,29,,,,
Kochukhet,1,1,Kazi para,10,Kazi para,10,Kazi para,10,Kawran Bazar,15,Kazi para,10,Kamrangir Char,41,Kamrangir Char,42,Kamrangir Char,42,Kamrangir Char,42,kajla,3,kajla,3,Kakrail,298,,,,
Khilgaon,35,39,Kawran Bazar,13,Kawran Bazar,14,Kawran Bazar,15,Koratitola,1,Kawran Bazar,15,Kazi para,10,Kazi para,10,Kazi para,10,Kazi para,10,Kamrangir Char,42,Kamrangir Char,42,Kathalbagan,11,,,,
Khilkhet,4,4,Koratitola,1,Koratitola,1,Koratitola,1,Kosaituli,1,Koratitola,1,Kawran Bazar,15,Kawran Bazar,15,Kawran Bazar,15,Kawran Bazar,15,Kazi para,11,Kazi para,11,Kamalapur,15,,,,
Koltabazar,1,1,Kosaituli,1,Kosaituli,1,Kosaituli,1,Kochukhet,1,Kosaituli,1,Koratitola,1,Koratitola,1,Koratitola,1,Koratitola,1,Kawran Bazar,15,Kawran Bazar,15,kajla,3,,,,
Kodomtoli,6,6,Kochukhet,1,Kochukhet,1,Kochukhet,1,Khilgaon,59,Kochukhet,1,Kosaituli,1,Kosaituli,1,Kosaituli,1,Kosaituli,1,Koratitola,1,Koratitola,1,Kamrangir Char,43,,,,
Kotowali,11,11,Khilgaon,53,Khilgaon,58,Khilgaon,58,Khilkhet,4,Khilgaon,64,Kochukhet,1,Kochukhet,3,Kochukhet,3,Kochukhet,3,Kosaituli,1,Kosaituli,1,Kazi para,11,,,,
Kutubkhali,6,6,Khilkhet,4,Khilkhet,4,Khilkhet,4,Koltabazar,1,Khilkhet,4,Khilgaon,69,Khilgaon,69,Khilgaon,75,Khilgaon,78,Kochukhet,3,Kochukhet,3,Kawran Bazar,15,,,,
Kuril,2,2,Koltabazar,1,Koltabazar,1,Koltabazar,1,Kodomtoli,10,Koltabazar,1,Khilkhet,5,Khilkhet,5,Khilkhet,5,Khilkhet,5,Khilgaon,80,Khilgaon,84,Koratitola,1,,,,
Lalbagh,78,78,Kodomtoli,9,Kodomtoli,10,Kodomtoli,10,Kotowali,15,Kodomtoli,10,Koltabazar,1,Koltabazar,1,Koltabazar,1,Koltabazar,1,Khilkhet,5,Khilkhet,5,Kosaituli,1,,,,
Laxmibazar,12,12,Kotowali,11,Kotowali,14,Kotowali,14,Kutubkhali,6,Kotowali,18,Kodomtoli,10,Kodomtoli,10,Kodomtoli,10,Kodomtoli,10,Koltabazar,1,Koltabazar,1,Kochukhet,4,,,,
Madartek,3,3,Kutubkhali,6,Kutubkhali,6,Kutubkhali,6,Kuril,4,Kutubkhali,6,Kotowali,18,Kotowali,23,Kotowali,26,Kotowali,27,Kodomtoli,10,Kodomtoli,10,Khilgaon,86,,,,
Malitola,4,4,Kuril,2,Kuril,2,Kuril,4,Lalmatia,5,Kuril,4,Kutubkhali,6,Kutubkhali,6,Kutubkhali,6,Kutubkhali,6,Kotowali,27,Kotowali,27,Khilkhet,5,,,,
Malibagh,58,62,Lalmatia,3,Lalmatia,3,Lalmatia,3,Lalbagh,98,Lalmatia,5,Kuril,4,Kuril,4,Kuril,4,Kuril,4,Kutubkhali,6,Kutubkhali,6,Koltabazar,1,,,,
Matikata,4,4,Lalbagh,89,Lalbagh,93,Lalbagh,97,Laxmibazar,18,Lalbagh,106,Lalmatia,21,Lalmatia,24,Lalmatia,24,Lalmatia,28,Kuril,4,Kuril,4,Kodomtoli,10,,,,
Manda,11,15,Laxmibazar,18,Laxmibazar,18,Laxmibazar,18,Madartek,5,Laxmibazar,18,Lalbagh,108,Lalbagh,112,Lalbagh,116,Lalbagh,116,Lalmatia,29,Lalmatia,30,Kotowali,27,,,,
Maniknagar,5,5,Madartek,3,Madartek,5,Madartek,5,Malitola,4,Madartek,7,Laxmibazar,18,Laxmibazar,18,Laxmibazar,19,Laxmibazar,19,Lalbagh,117,Lalbagh,117,Kutubkhali,6,,,,
Manikdi,1,1,Malitola,4,Malitola,4,Malitola,4,Malibagh,83,Malitola,4,Madartek,7,Madartek,7,Madartek,7,Madartek,7,Laxmibazar,19,Laxmibazar,19,Kuril,4,,,,
Matuail,5,5,Malibagh,78,Malibagh,82,Malibagh,83,Matikata,4,Malibagh,83,Malitola,4,Malitola,4,Malitola,4,Malitola,4,Madartek,7,Madartek,7,Lalmatia,31,,,,
Meradia,3,5,Matikata,4,Matikata,4,Matikata,4,Manda,26,Matikata,4,Malibagh,84,Malibagh,85,Malibagh,89,Malibagh,93,Malitola,4,Malitola,4,Lalbagh,122,,,,
Mirhajaribagh,5,5,Manda,23,Manda,26,Manda,26,Maniknagar,23,Manda,26,Matikata,4,Matikata,4,Matikata,4,Matikata,4,Malibagh,93,Malibagh,101,Laxmibazar,19,,,,
Mirpur-1,32,32,Maniknagar,22,Maniknagar,22,Maniknagar,22,Manikdi,1,Maniknagar,23,Manda,29,Manda,30,Manda,30,Manda,30,Matikata,4,Matikata,4,Madartek,7,,,,
Mirpur-2,2,2,Manikdi,1,Manikdi,1,Manikdi,1,Matuail,5,Manikdi,1,Maniknagar,25,Maniknagar,26,Maniknagar,26,Maniknagar,28,Manda,30,Manda,30,Malitola,4,,,,
Mirpur-6,7,9,Matuail,5,Matuail,5,Matuail,5,Meradia,7,Matuail,6,Manikdi,1,Manikdi,1,Manikdi,1,Manikdi,1,Maniknagar,33,Maniknagar,33,Malibagh,114,,,,
Mirpur-10,18,18,Meradia,5,Meradia,6,Meradia,6,Mirhajaribagh,5,Meradia,7,Matuail,6,Matuail,7,Matuail,8,Matuail,8,Manikdi,1,Manikdi,1,Matikata,5,,,,
Mirpur-11,31,32,Mirhajaribagh,5,Mirhajaribagh,5,Mirhajaribagh,5,Mirpur-1,36,Mirhajaribagh,5,Meradia,7,Meradia,8,Meradia,8,Meradia,8,Matuail,8,Matuail,8,Manda,31,,,,
Mirpur-12,18,18,Mirpur-1,33,Mirpur-1,34,Mirpur-1,35,Mirpur-2,9,Mirpur-1,40,Mirhajaribagh,5,Mirhajaribagh,5,Mirhajaribagh,5,Mirhajaribagh,5,Meradia,8,Meradia,8,Maniknagar,35,,,,
Mirpur-13,3,3,Mirpur-2,7,Mirpur-2,8,Mirpur-2,8,Mirpur-6,12,Mirpur-2,9,Mirpur-1,41,Mirpur-1,43,Mirpur-1,45,Mirpur-1,47,Mintu Road,5,Mintu Road,5,Manikdi,1,,,,
Mirpur-14,37,37,Mirpur-6,9,Mirpur-6,11,Mirpur-6,11,Mirpur-10,19,Mirpur-6,12,Mirpur-2,10,Mirpur-2,11,Mirpur-2,11,Mirpur-2,11,Mirhajaribagh,5,Mirhajaribagh,5,Matuail,8,,,,
Mitford,38,38,Mirpur-10,19,Mirpur-10,19,Mirpur-10,19,Mirpur-11,38,Mirpur-10,19,Mirpur-6,12,Mirpur-6,12,Mirpur-6,12,Mirpur-6,12,Mirpur-1,48,Mirpur-1,53,Merul,1,,,,
Mogbazar,43,43,Mirpur-11,33,Mirpur-11,35,Mirpur-11,38,Mirpur-12,19,Mirpur-11,40,Mirpur-10,19,Mirpur-10,20,Mirpur-10,20,Mirpur-10,24,Mirpur-2,11,Mirpur-2,14,Meradia,8,,,,
Monipur,1,1,Mirpur-12,19,Mirpur-12,19,Mirpur-12,19,Mirpur-13,5,Mirpur-12,19,Mirpur-11,42,Mirpur-11,44,Mirpur-11,44,Mirpur-11,47,Mirpur-6,12,Mirpur-6,12,Mintu Road,5,,,,
Mohakhali,68,71,Mirpur-13,5,Mirpur-13,5,Mirpur-13,5,Mirpur-14,40,Mirpur-13,5,Mirpur-12,19,Mirpur-12,21,Mirpur-12,23,Mirpur-12,23,Mirpur-10,24,Mirpur-10,24,Mirhajaribagh,5,,,,
Mohonpur,1,1,Mirpur-14,39,Mirpur-14,39,Mirpur-14,40,Mitford,38,Mirpur-14,40,Mirpur-13,5,Mirpur-13,7,Mirpur-13,8,Mirpur-13,8,Mirpur-11,48,Mirpur-11,48,Mirpur,83,,,,
Mohammadpur,80,81,Mitford,38,Mitford,38,Mitford,38,Mogbazar,65,Mitford,38,Mirpur-14,40,Mirpur-14,40,Mirpur-14,40,Mirpur-14,40,Mirpur-12,23,Mirpur-12,24,Mirpur-1,58,,,,
Motijeel,4,4,Mogbazar,55,Mogbazar,59,Mogbazar,59,Monipur,1,Mogbazar,68,Mitford,38,Mitford,38,Mitford,38,Mitford,38,Mirpur-13,8,Mirpur-13,9,Mirpur-2,14,,,,
Mugda,69,80,Monipur,1,Monipur,1,Monipur,1,Mohakhali,146,Monipur,1,Mogbazar,71,Mogbazar,79,Mogbazar,89,Mogbazar,97,Mirpur-14,41,Mirpur-14,41,Mirpur-6,13,,,,
Nawabpur,2,2,Mohakhali,111,Mohakhali,127,Mohakhali,133,Mohonpur,1,Mohakhali,159,Monipur,1,Monipur,1,Monipur,1,Monipur,1,Mitford,38,Mitford,38,Mirpur-10,24,,,,
Nazirabazar,9,9,Mohonpur,1,Mohonpur,1,Mohonpur,1,Mohammadpur,126,Mohonpur,1,Mohakhali,160,Mohakhali,177,Mohakhali,182,Mohakhali,204,Mogbazar,98,Mogbazar,98,Mirpur-11,49,,,,
Nawabganj,4,4,Mohammadpur,104,Mohammadpur,115,Mohammadpur,118,Motijeel,7,Mohammadpur,132,Mohonpur,1,Mohonpur,1,Mohonpur,1,Mohonpur,1,Monipur,1,Monipur,1,Mirpur-12,36,,,,
Narinda,14,18,Motijeel,6,Motijeel,7,Motijeel,7,Mugda,149,Motijeel,8,Mohammadpur,149,Mohammadpur,156,Mohammadpur,164,Mohammadpur,182,Mohakhali,223,Mohakhali,224,Mirpur-13,9,,,,
New market,10,10,Mugda,121,Mugda,149,Mugda,149,Nawabpur,4,Mugda,156,Motijeel,9,Motijeel,9,Motijeel,11,Motijeel,11,Mohonpur,1,Mohonpur,1,Mirpur-14,42,,,,
Nilkhet,4,4,Nawabpur,2,Nawabpur,2,Nawabpur,4,Nazirabazar,10,Nawabpur,4,Mugda,180,Mugda,181,Mugda,181,Mugda,185,Mohammadpur,189,Mohammadpur,198,Mitford,38,,,,
Nakhalpara,11,15,Nazirabazar,9,Nazirabazar,9,Nazirabazar,10,Narinda,24,Nazirabazar,10,Nawabpur,4,Nawabpur,4,Nawabpur,4,Nawabpur,4,Motijeel,11,Motijeel,11,Mogbazar,125,,,,
Nayabazar,8,8,Nawabganj,4,Nawabganj,4,Narinda,24,New market,11,Narinda,24,Nazirabazar,10,Nazirabazar,10,Nazirabazar,10,Nazirabazar,10,Mugda,189,Mugda,189,Monipur,1,,,,
Neemtoli,5,5,Narinda,18,Narinda,23,New market,10,Nilkhet,4,New market,11,Narinda,24,Narinda,24,Narinda,26,Narinda,27,Nawabpur,4,Nawabpur,4,Mohakhali,235,,,,
Nikunja,1,1,New market,10,New market,10,Nilkhet,4,Nakhalpara,19,Nilkhet,4,New market,14,New market,14,New market,14,New market,14,Nazirabazar,10,Nazirabazar,10,Mohonpur,1,,,,
Pallabi,5,8,Nilkhet,4,Nilkhet,4,Nakhalpara,17,Nayabazar,9,Nakhalpara,19,Nilkhet,4,Nilkhet,4,Nilkhet,4,Nilkhet,4,Narinda,27,Narinda,28,Mohammadpur,213,,,,
Paltan,29,29,Nakhalpara,16,Nakhalpara,17,Nayabazar,9,Neemtoli,9,Nayabazar,9,Nakhalpara,24,Nakhalpara,26,Nakhalpara,26,Nakhalpara,27,New market,14,New market,14,Motijeel,14,,,,
Pirerbagh,3,3,Nayabazar,8,Nayabazar,8,Neemtoli,9,Nikunja,1,Neemtoli,9,Nayabazar,9,Nayabazar,10,Nayabazar,10,Nayabazar,10,Niketon,5,Niketon,5,Mugda,198,,,,
Postogola,6,6,Neemtoli,7,Neemtoli,9,Nikunja,1,Panthapath,18,Nikunja,1,Neemtoli,9,Neemtoli,9,Neemtoli,9,Neemtoli,9,Nilkhet,4,Nilkhet,4,Nawabpur,4,,,,
Purana Paltan,27,27,Nikunja,1,Nikunja,1,Panthapath,18,Pallabi,12,Panthapath,18,Nikunja,1,Nikunja,1,Nikunja,1,Nikunja,1,Nakhalpara,28,Nakhalpara,29,Nazirabazar,10,,,,
Rajarbagh,150,165,Panthapath,11,Panthapath,15,Pallabi,11,Paltan,32,Pallabi,12,Panthapath,18,Panthapath,19,Panthapath,19,Panthapath,23,Nayabazar,10,Nayabazar,23,Narinda,32,,,,
Rampura,25,26,Pallabi,9,Pallabi,11,Paltan,32,Pirerbagh,7,Paltan,32,Pallabi,14,Pallabi,14,Pallabi,15,Pallabi,19,Neemtoli,9,Neemtoli,9,New market,14,,,,
Ramna,12,12,Paltan,31,Paltan,32,Pirerbagh,6,Postogola,7,Pirerbagh,7,Paltan,32,Paltan,33,Paltan,34,Paltan,34,Nikunja,2,Nikunja,2,Niketon,5,,,,
Rayerbagh,5,5,Pirerbagh,5,Pirerbagh,6,Postogola,7,Purana Paltan,27,Postogola,7,Pirerbagh,7,Pirerbagh,7,Pirerbagh,9,Pirerbagh,9,Panthapath,23,Panthapath,23,Nilkhet,4,,,,
Raja Bazar,2,2,Postogola,7,Postogola,7,Purana Paltan,27,Rajarbagh,200,Purana Paltan,27,Postogola,7,Postogola,7,Postogola,7,Postogola,7,Pallabi,20,Pallabi,20,Nakhalpara,30,,,,
Rosulpur,1,1,Purana Paltan,27,Purana Paltan,27,Rajarbagh,200,Rampura,41,Rajarbagh,200,Purana Paltan,27,Purana Paltan,27,Purana Paltan,27,Purana Paltan,27,Paikpara,4,Paikpara,4,Nayabazar,26,,,,
Rupganj,1,1,Rajarbagh,196,Rajarbagh,199,Rampura,38,Ramna,38,Rampura,43,Rajarbagh,202,Rajarbagh,202,Rajarbagh,202,Rajarbagh,202,Paltan,34,Paltan,36,Neemtoli,9,,,,
Rayerbazar,4,5,Rampura,33,Rampura,38,Ramna,26,Rasulbagh,4,Ramna,39,Rampura,44,Rampura,47,Rampura,49,Rampura,55,Pirerbagh,9,Pirerbagh,9,Nikunja,2,,,,
Sabujbagh,7,7,Ramna,15,Ramna,19,Rasulbagh,4,Rayerbagh,9,Rasulbagh,4,Ramna,41,Ramna,42,Ramna,48,Ramna,49,Postogola,7,Postogola,8,Panthapath,26,,,,
Sadarghat,3,3,Rasulbagh,4,Rasulbagh,4,Rayerbagh,9,Raja Bazar,14,Rayerbagh,9,Rasulbagh,4,Rasulbagh,4,Rasulbagh,4,Rasulbagh,4,Purana Paltan,27,Purana Paltan,27,Pallabi,21,,,,
Sahjanpur,15,15,Rayerbagh,9,Rayerbagh,9,Raja Bazar,12,Rosulpur,1,Raja Bazar,15,Rayerbagh,9,Rayerbagh,11,Rayerbagh,12,Rayerbagh,12,Rajarbagh,204,Rajarbagh,206,Paikpara,4,,,,
Sayedabad,8,8,Raja Bazar,8,Raja Bazar,11,Rosulpur,1,Rupganj,1,Rosulpur,1,Raja Bazar,16,Raja Bazar,18,Raja Bazar,20,Raja Bazar,20,Rampura,58,Rampura,60,Paltan,36,,,,
Segunbagicha,4,4,Rosulpur,1,Rosulpur,1,Rupganj,1,Rayerbazar,9,Rupganj,1,Rosulpur,1,Rosulpur,1,Rosulpur,1,Rosulpur,1,Ramna,50,Ramna,50,Pirerbagh,9,,,,
Science Lab,1,1,Rupganj,1,Rupganj,1,Rayerbazar,9,Sabujbagh,7,Rayerbazar,9,Rupganj,1,Rupganj,1,Rupganj,1,Rupganj,1,Rasulbagh,4,Rasulbagh,4,Postogola,8,,,,
Shah Ali Bagh,2,2,Rayerbazar,9,Rayerbazar,9,Sabujbagh,7,Sadarghat,4,Sabujbagh,7,Rayerbazar,11,Rayerbazar,14,Rayerbazar,14,Rayerbazar,14,Rayerbagh,12,Rayerbagh,12,Purana Paltan,27,,,,
Shahbag,51,51,Sabujbagh,7,Sabujbagh,7,Sadarghat,4,Sahjanpur,21,Sadarghat,4,Sabujbagh,8,Sabujbagh,8,Sabujbagh,8,Sabujbagh,9,Raja Bazar,21,Raja Bazar,21,Rajarbagh,206,,,,
Shakharibazar,28,28,Sadarghat,3,Sadarghat,4,Sahjanpur,21,Sayedabad,11,Sahjanpur,21,Sadarghat,4,Sadarghat,4,Sadarghat,4,Sadarghat,4,Rosulpur,1,Rosulpur,4,Rampura,60,,,,
Shantibagh,9,10,Sahjanpur,18,Sahjanpur,21,Sayedabad,11,Segunbagicha,6,Sayedabad,12,Sahjanpur,24,Sahjanpur,24,Sahjanpur,25,Sahjanpur,25,Rupganj,1,Rupganj,1,Ramna,50,,,,
Shampur,1,1,Sayedabad,11,Sayedabad,11,Segunbagicha,6,Science Lab,1,Segunbagicha,6,Sayedabad,14,Sayedabad,14,Sayedabad,15,Sayedabad,15,Rayerbazar,14,Rayerbazar,14,Rasulbagh,4,,,,
Shantinagar,15,15,Segunbagicha,6,Segunbagicha,6,Science Lab,1,Shah Ali Bagh,2,Science Lab,1,Segunbagicha,7,Segunbagicha,7,Segunbagicha,8,Segunbagicha,8,Sabujbagh,9,Sabujbagh,10,Rayerbagh,13,,,,
Shaymoli,23,29,Science Lab,1,Science Lab,1,Shah Ali Bagh,2,Shahbag,59,Shah Ali Bagh,2,Science Lab,1,Science Lab,1,Science Lab,1,Science Lab,1,Sadarghat,4,Sadarghat,5,Raja Bazar,21,,,,
Shewrapara,8,8,Shah Ali Bagh,2,Shah Ali Bagh,2,Shahbag,56,Shakharibazar,31,Shahbag,59,Shah Ali Bagh,2,Shah Ali Bagh,2,Shah Ali Bagh,2,Shah Ali Bagh,2,Sahjanpur,26,Sahjanpur,27,Rosulpur,4,,,,
Shekher Tek,1,1,Shahbag,54,Shahbag,55,Shakharibazar,31,Shantibagh,14,Shakharibazar,31,Shahbag,64,Shahbag,64,Shahbag,66,Shahbag,68,Sayedabad,15,Sayedabad,15,Rupganj,1,,,,
Showari Ghat,3,3,Shakharibazar,29,Shakharibazar,31,Shantibagh,14,Shampur,8,Shantibagh,15,Shakharibazar,32,Shakharibazar,32,Shakharibazar,32,Shakharibazar,32,Segunbagicha,10,Segunbagicha,10,Rayerbazar,16,,,,
Sipahibag,1,1,Shantibagh,12,Shantibagh,13,Shampur,8,Shantinagar,22,Shampur,8,Shantibagh,17,Shantibagh,18,Shantibagh,18,Shantibagh,19,Science Lab,1,Science Lab,1,Sabujbagh,13,,,,
Siddheshwari,4,4,Shampur,8,Shampur,8,Shantinagar,21,Shaymoli,53,Shantinagar,22,Shampur,8,Shampur,11,Shampur,11,Shampur,11,Shah Ali Bagh,2,Shah Ali Bagh,2,Sadarghat,5,,,,
Sonir akhra,12,16,Shantinagar,19,Shantinagar,21,Shaymoli,53,Shewrapara,9,Shaymoli,54,Shantinagar,23,Shantinagar,31,Shantinagar,32,Shantinagar,32,Shahbag,73,Shahbag,73,Sahjanpur,28,,,,
Swamibagh,31,36,Shaymoli,36,Shaymoli,52,Shewrapara,9,Shekher Tek,1,Shewrapara,9,Shaymoli,62,Shaymoli,62,Shaymoli,64,Shaymoli,64,Shakharibazar,32,Shakharibazar,32,Sayedabad,15,,,,
Sher-E-Bangla,,,Shewrapara,9,Shewrapara,9,Shekher Tek,1,Showari Ghat,3,Shekher Tek,1,Shewrapara,9,Shewrapara,9,Shewrapara,9,Shewrapara,9,Shantibagh,19,Shantibagh,19,Segunbagicha,10,,,,
Nagar,6,6,Shekher Tek,1,Shekher Tek,1,Showari Ghat,3,Sipahibag,2,Showari Ghat,3,Shekher Tek,1,Shekher Tek,1,Shekher Tek,1,Shekher Tek,1,Shampur,11,Shampur,11,Science Lab,1,,,,
Sutrapur,19,19,Showari Ghat,3,Showari Ghat,3,Sipahibag,2,Siddheshwari,4,Sipahibag,3,Showari Ghat,3,Showari Ghat,3,Showari Ghat,3,Showari Ghat,3,Shantinagar,37,Shantinagar,37,Shah Ali Bagh,2,,,,
TatiBazar,7,7,Sipahibag,1,Sipahibag,2,Siddheshwari,4,Sonir akhra,17,Siddheshwari,4,Sipahibag,4,Sipahibag,4,Sipahibag,4,Sipahibag,4,Shaymoli,65,Shaymoli,65,Shahbag,73,,,,
Tikatoli,17,17,Siddheshwari,4,Siddheshwari,4,Sonir akhra,17,Swamibagh,47,Sonir akhra,17,Siddheshwari,9,Siddheshwari,11,Siddheshwari,13,Siddheshwari,13,Shewrapara,9,Shewrapara,9,Shakharibazar,32,,,,
Tejkunipara,3,3,Sonir akhra,16,Sonir akhra,17,Swamibagh,47,Sher-E-Bangla Nagar,10,Swamibagh,47,Sonir akhra,17,Sonir akhra,19,Sonir akhra,19,Sonir akhra,19,Shekher Tek,1,Shekher Tek,1,Shantibagh,27,,,,
Tejgaon,50,55,Swamibagh,46,Swamibagh,46,Sher-E-Bangla Nagar,7,Sutrapur,29,Sher-E-Bangla Nagar,16,Swamibagh,47,Swamibagh,49,Swamibagh,49,Swamibagh,49,Showari Ghat,3,Showari Ghat,3,Shampur,11,,,,
Turag,1,1,Sher-E-Bangla Nagar,6,Sher-E-Bangla Nagar,7,Sutrapur,27,Tallabagh,4,Sutrapur,31,Sher-E-Bangla Nagar,16,Sher-E-Bangla Nagar,19,Sher-E-Bangla Nagar,19,Sher-E-Bangla Nagar,21,Sipahibag,4,Sipahibag,4,Shantinagar,38,,,,
Tezturi Bazar,4,4,Sutrapur,27,Sutrapur,27,Tallabagh,4,TatiBazar,10,Tallabagh,4,Sutrapur,32,Sutrapur,34,Sutrapur,35,Sutrapur,37,Siddheshwari,13,Siddheshwari,14,Shaymoli,70,,,,
Tongi,10,11,Tallabagh,4,Tallabagh,4,TatiBazar,10,Tikatoli,22,TatiBazar,10,Tallabagh,4,Tallabagh,4,Tallabagh,4,Tallabagh,4,Sonir akhra,19,Sonir akhra,19,Shewrapara,9,,,,
Tolarbag,19,19,TatiBazar,9,TatiBazar,10,Tikatoli,22,Tejkunipara,3,Tikatoli,22,TatiBazar,10,TatiBazar,10,TatiBazar,10,TatiBazar,10,Swamibagh,49,Swamibagh,49,Shekher Tek,1,,,,
Urdu Road,1,1,Tikatoli,22,Tikatoli,22,Tejkunipara,3,Tejgaon,98,Tejkunipara,3,Tikatoli,22,Tikatoli,22,Tikatoli,22,Tikatoli,22,Sher-E-Bangla,,Sher-E-Bangla Nagar,27,Showari Ghat,3,,,,
Uttara,63,63,Tejkunipara,3,Tejkunipara,3,Tejgaon,94,Turag,1,Tejgaon,101,Tejkunipara,3,Tejkunipara,3,Tejkunipara,3,Tejkunipara,3,Nagar,21,Sutrapur,37,Sipahibag,4,,,,
Vatara,5,5,Tejgaon,79,Tejgaon,89,Turag,1,Tezturi Bazar,5,Turag,1,Tejgaon,105,Tejgaon,107,Tejgaon,113,Tejgaon,122,Sutrapur,37,Tallabagh,4,Siddheshwari,14,,,,
Wari,41,42,Turag,1,Turag,1,Tezturi Bazar,5,Tongi,13,Tezturi Bazar,5,Turag,1,Turag,1,Turag,1,Turag,1,Tallabagh,4,TatiBazar,10,Sonir akhra,19,,,,
,,,Tezturi Bazar,4,Tezturi Bazar,5,Tongi,13,Tolarbag,19,Tongi,13,Tezturi Bazar,5,Tezturi Bazar,5,Tezturi Bazar,5,Tezturi Bazar,5,TatiBazar,10,Tikatoli,24,Swamibagh,50,,,,
,,,Tongi,11,Tongi,13,Tolarbag,19,Urdu Road,1,Tolarbag,19,Tongi,13,Tongi,14,Tongi,14,Tongi,14,Tikatoli,24,Tejkunipara,3,Sher-E-Bangla Nagar,27,,,,
,,,Tolarbag,19,Tolarbag,19,Urdu Road,1,Uttara,80,Urdu Road,1,Tolarbag,19,Tolarbag,19,Tolarbag,19,Tolarbag,19,Tejkunipara,3,Tejgaon,144,Sutrapur,39,,,,
,,,Urdu Road,1,Urdu Road,1,Uttara,72,Vatara,5,Uttara,81,Urdu Road,1,Urdu Road,1,Urdu Road,1,Urdu Road,1,Tejgaon,138,Turag,1,Tallabagh,4,,,,
,,,Uttara,70,Uttara,72,Vatara,5,Vasantek,2,Vatara,5,Uttara,83,Uttara,90,Uttara,92,Uttara,101,Turag,1,Tezturi Bazar,5,Taltola,3,,,,
,,,Vatara,5,Vatara,5,Vasantek,2,Wari,51,Vasantek,2,Vatara,5,Vatara,5,Vatara,6,Vatara,9,Tezturi Bazar,5,Tongi,14,TatiBazar,14,,,,
,,,Wari,49,Vasantek,2,Wari,50,,,Wari,51,Vasantek,2,Vasantek,2,Vasantek,2,Vasantek,3,Tongi,14,Tolarbag,19,Tikatoli,25,,,,
,,,,,Wari,50,,,,,,,Wari,52,Wari,56,Wari,57,Wari,61,Tolarbag,19,Urdu Road,1,Tejkunipara,3,,,,
,,,,,,,,,,,,,,,,,,,,,Urdu Road,1,Uttara,106,Tejgaon,150,,,,
,,,,,,,,,,,,,,,,,,,,,Uttara,104,Vatara,10,Turag,2,,,,
,,,,,,,,,,,,,,,,,,,,,Vatara,9,Vasantek,3,Tezturi Bazar,5,,,,
,,,,,,,,,,,,,,,,,,,,,Vasantek,3,Wari,67,Tongi,14,,,,
,,,,,,,,,,,,,,,,,,,,,Wari,64,,,Tolarbag,19,,,,
,,,,,,,,,,,,,,,,,,,,,,,,,Urdu Road,1,,,,
,,,,,,,,,,,,,,,,,,,,,,,,,Uttara,111,,,,
,,,,,,,,,,,,,,,,,,,,,,,,,Vatara,10,,,,
,,,,,,,,,,,,,,,,,,,,,,,,,Vasantek,3,,,,
,,,,,,,,,,,,,,,,,,,,,,,,,Wari,71,,,,
